ID_Detalle;ID_Venta;Fecha;Hora;Estado_Venta;ID_Cliente;Cedula;Nombre;Apellido;Telefono;Correo;Direccion;ID_Empleado;Empleado;Cargo;ID_Sucursal;Sucursal;Ciudad_Sucursal;ID_Producto;Producto;ID_Categoria;Categoria;ID_Marca;Marca;Unidad;Precio;Cantidad;ID_Proveedor;Proveedor;Ciudad_Proveedor;Telefono_Proveedor;Correo_Proveedor;ID_MetodoPago;Metodo_Pago;Promocion;Descuento;Subtotal;IVA;Total;Observacion;Lote;Fecha_Caducidad;Tipo_Cliente
DET001;V0001;2026-06-06;18:42;Entregada;C027;1710000027;Carlos;Pérez;0912141725;c27@mail.com;Calle 27;E05;David;Panadero;S02;Norte;Quito;P04;Pastel Chocolate;CAT01;Pasteles;MAR01;Delicia;Unidad;18;6;PR01;Harinas Andinas;Quito;021440029;harinasandinas@proveedor.com;MP01;Efectivo;10%;10.8;108;14.58;111.78;;L7216;2026-07-02;Frecuente
DET002;V0002;2026-01-26;19:23;Pagada;C037;1710000037;Juan;López;0913446568;c37@mail.com;Calle 37;E02;Paula;Cajero;S03;Sur;Quito;P07;Pan Integral;CAT02;Pan;MAR02;Bimbo;Unidad;0.5;1;PR04;Azúcar Nacional;Guayaquil;024700838;azúcarnacional@proveedor.com;MP02;QR;10%;0.05;0.5;0.07;0.52;;L4241;2026-01-30;Frecuente
DET003;V0003;2026-03-12;16:11;Pagada;C017;1710000017;Lucía;Vera;0976275142;c17@mail.com;Calle 17;E07;Luis;Panadero;S01;Centro;Quito;P01;Pan Francés;CAT02;Pan;MAR02;Bimbo;Unidad;0.3;5;PR02;Lácteos Sierra;Latacunga;021492788;lácteossierra@proveedor.com;MP03;Transferencia;10%;0.15;1.5;0.2;1.55;Venta matutina;L8023;2026-04-06;Nuevo
DET004;V0004;2026-02-05;09:11;Entregada;C011;1710000011;Carlos;Pérez;0910445712;c11@mail.com;Calle 11;E08;Mónica;Administrador;S01;Centro;Quito;P06;Empanada;CAT03;Bocadillos;MAR03;Casera;Unidad;1.5;6;PR03;Chocolate Ecuador;Quito;021225430;chocolateecuador@proveedor.com;MP01;Efectivo;Ninguna;0.9;9;1.21;9.31;;L1717;2026-02-19;Nuevo
DET005;V0005;2026-04-24;14:02;Entregada;C017;1710000017;Lucía;Vera;0976275142;c17@mail.com;Calle 17;E04;Rosa;Panadero;S01;Centro;Quito;P04;Pastel Chocolate;CAT01;Pasteles;MAR01;Delicia;Unidad;18;2;PR02;Lácteos Sierra;Latacunga;023722601;lácteossierra@proveedor.com;MP02;QR;Cliente Frecuente;3.6;36;4.86;37.26;Venta matutina;L6332;2026-04-28;Nuevo
DET006;V0006;2026-04-23;18:20;Entregada;C018;1710000018;Pedro;Torres;0915856869;c18@mail.com;Calle 18;E07;Luis;Panadero;S03;Sur;Quito;P08;Brownie;CAT01;Pasteles;MAR01;Delicia;Unidad;1.4;4;PR04;Azúcar Nacional;Guayaquil;022646949;azúcarnacional@proveedor.com;MP02;QR;10%;0;5.6;0.84;6.44;;L2891;2026-04-26;Frecuente
DET007;V0007;2026-03-21;18:18;Pagada;C027;1710000027;Carlos;Pérez;0912141725;c27@mail.com;Calle 27;E07;Luis;Panadero;S03;Sur;Quito;P01;Pan Francés;CAT02;Pan;MAR02;Bimbo;Unidad;0.3;8;PR01;Harinas Andinas;Quito;028860708;harinasandinas@proveedor.com;MP02;QR;Cliente Frecuente;0.24;2.4;0.32;2.48;;L8470;2026-04-04;Frecuente
DET008;V0008;2026-05-30;12:35;Pagada;C003;1710000003;Carlos;López;0992292490;c3@mail.com;Calle 3;E02;Paula;Cajero;S03;Sur;Quito;P08;Brownie;CAT01;Pasteles;MAR01;Delicia;Unidad;1.4;3;PR04;Azúcar Nacional;Guayaquil;029072381;azúcarnacional@proveedor.com;MP04;Tarjeta;Ninguna;0.42;4.2;0.57;4.35;Venta matutina;L1038;2026-06-18;Frecuente
DET009;V0009;2026-06-03;16:07;Entregada;C030;1710000030;Carlos;Torres;0947766530;c30@mail.com;Calle 30;E08;Mónica;Administrador;S01;Centro;Quito;P04;Pastel Chocolate;CAT01;Pasteles;MAR01;Delicia;Unidad;18;7;PR05;Café Andino;Loja;022767457;caféandino@proveedor.com;MP01;Efectivo;Ninguna;12.6;126;17.01;130.41;Pedido especial;L4043;2026-06-16;Frecuente
DET010;V0010;2026-05-31;12:45;Pagada;C002;1710000002;Sofía;García;0917215136;c2@mail.com;Calle 2;E02;Paula;Cajero;S02;Norte;Quito;P07;Pan Integral;CAT02;Pan;MAR02;Bimbo;Unidad;0.5;1;PR04;Azúcar Nacional;Guayaquil;025017672;azúcarnacional@proveedor.com;MP01;Efectivo;10%;0;0.5;0.07;0.57;Venta matutina;L1400;2026-06-13;Frecuente
DET011;V0011;2026-03-03;15:38;Entregada;C001;1710000001;Ana;Vera;0986274909;c1@mail.com;Calle 1;E05;David;Panadero;S01;Centro;Quito;P01;Pan Francés;CAT02;Pan;MAR02;Bimbo;Unidad;0.3;8;PR01;Harinas Andinas;Quito;024367745;harinasandinas@proveedor.com;MP03;Transferencia;Cliente Frecuente;0.24;2.4;0.32;2.48;;L3177;2026-03-05;Nuevo
DET012;V0012;2026-04-07;14:47;Entregada;C037;1710000037;Juan;López;0913446568;c37@mail.com;Calle 37;E08;Mónica;Administrador;S03;Sur;Quito;P02;Croissant;CAT04;Repostería;MAR04;La Ideal;Unidad;1.2;3;PR02;Lácteos Sierra;Latacunga;024009456;lácteossierra@proveedor.com;MP02;QR;10%;0;3.6;0.54;4.14;Pedido especial;L7356;2026-04-09;Frecuente
DET013;V0013;2026-04-09;14:16;Pagada;C018;1710000018;Pedro;Torres;0915856869;c18@mail.com;Calle 18;E06;Nora;Cajero;S02;Norte;Quito;P03;Dona;CAT04;Repostería;MAR05;Dulce;Unidad;0.8;5;PR02;Lácteos Sierra;Latacunga;026301346;lácteossierra@proveedor.com;MP03;Transferencia;Cliente Frecuente;0;4;0.6;4.6;Pedido especial;L1853;2026-04-24;Mayorista
DET014;V0014;2026-02-09;09:36;Pagada;C024;1710000024;José;Pérez;0940411479;c24@mail.com;Calle 24;E02;Paula;Cajero;S03;Sur;Quito;P03;Dona;CAT04;Repostería;MAR05;Dulce;Unidad;0.8;7;PR03;Chocolate Ecuador;Quito;026511651;chocolateecuador@proveedor.com;MP01;Efectivo;Cliente Frecuente;0;5.6;0.84;6.44;Pedido especial;L3111;2026-02-12;Nuevo
DET015;V0015;2026-02-11;07:46;Pagada;C023;1710000023;Lucía;García;0951679534;c23@mail.com;Calle 23;E04;Rosa;Panadero;S01;Centro;Quito;P09;Galleta;CAT04;Repostería;MAR05;Dulce;Unidad;0.4;4;PR03;Chocolate Ecuador;Quito;022425804;chocolateecuador@proveedor.com;MP03;Transferencia;10%;0.16;1.6;0.22;1.66;Venta matutina;L5536;2026-02-13;Nuevo
DET016;V0016;2026-05-14;16:36;Pagada;C027;1710000027;Carlos;Pérez;0912141725;c27@mail.com;Calle 27;E04;Rosa;Panadero;S01;Centro;Quito;P10;Jugo;CAT05;Bebidas;MAR06;Natural;Vaso;1;4;PR02;Lácteos Sierra;Latacunga;028363128;lácteossierra@proveedor.com;MP03;Transferencia;Ninguna;0;4;0.6;4.6;;L9160;2026-06-12;Nuevo
DET017;V0017;2026-03-06;11:09;Pagada;C010;1710000010;Juan;Ruiz;0978950720;c10@mail.com;Calle 10;E02;Paula;Cajero;S02;Norte;Quito;P07;Pan Integral;CAT02;Pan;MAR02;Bimbo;Unidad;0.5;7;PR02;Lácteos Sierra;Latacunga;028472133;lácteossierra@proveedor.com;MP01;Efectivo;Ninguna;0;3.5;0.53;4.03;Venta matutina;L6133;2026-03-13;Mayorista
DET018;V0018;2026-04-14;18:35;Entregada;C014;1710000014;Carlos;León;0968219498;c14@mail.com;Calle 14;E03;Kevin;Cajero;S03;Sur;Quito;P01;Pan Francés;CAT02;Pan;MAR02;Bimbo;Unidad;0.3;7;PR03;Chocolate Ecuador;Quito;029780680;chocolateecuador@proveedor.com;MP03;Transferencia;Cliente Frecuente;0.21;2.1;0.28;2.17;Pedido especial;L5042;2026-05-13;Frecuente
DET019;V0019;2026-01-13;07:53;Pagada;C007;1710000007;Luis;Ruiz;0974895855;c7@mail.com;Calle 7;E07;Luis;Panadero;S02;Norte;Quito;P04;Pastel Chocolate;CAT01;Pasteles;MAR01;Delicia;Unidad;18;2;PR05;Café Andino;Loja;024934865;caféandino@proveedor.com;MP01;Efectivo;Cliente Frecuente;0;36;5.4;41.4;;L8846;2026-01-19;Mayorista
DET020;V0020;2026-04-11;18:02;Pagada;C035;1710000035;José;Mendoza;0997621633;c35@mail.com;Calle 35;E01;Diego;Administrador;S03;Sur;Quito;P05;Café;CAT05;Bebidas;MAR07;Lojano;Taza;1.2;3;PR01;Harinas Andinas;Quito;023517677;harinasandinas@proveedor.com;MP04;Tarjeta;Ninguna;0;3.6;0.54;4.14;Pedido especial;L4101;2026-04-30;Mayorista
DET021;V0021;2026-04-13;18:12;Entregada;C023;1710000023;Lucía;García;0951679534;c23@mail.com;Calle 23;E02;Paula;Cajero;S03;Sur;Quito;P09;Galleta;CAT04;Repostería;MAR05;Dulce;Unidad;0.4;4;PR05;Café Andino;Loja;025115432;caféandino@proveedor.com;MP03;Transferencia;Cliente Frecuente;0;1.6;0.24;1.84;;L5850;2026-05-10;Frecuente
DET022;V0022;2026-03-05;09:40;Entregada;C013;1710000013;María;Ruiz;0973997932;c13@mail.com;Calle 13;E05;David;Panadero;S03;Sur;Quito;P03;Dona;CAT04;Repostería;MAR05;Dulce;Unidad;0.8;4;PR04;Azúcar Nacional;Guayaquil;028520551;azúcarnacional@proveedor.com;MP02;QR;2x1;0.32;3.2;0.43;3.31;Venta matutina;L8428;2026-03-21;Nuevo
DET023;V0023;2026-06-15;11:28;Pagada;C025;1710000025;María;López;0952543954;c25@mail.com;Calle 25;E02;Paula;Cajero;S03;Sur;Quito;P08;Brownie;CAT01;Pasteles;MAR01;Delicia;Unidad;1.4;7;PR03;Chocolate Ecuador;Quito;021823655;chocolateecuador@proveedor.com;MP02;QR;Ninguna;0.98;9.8;1.32;10.14;;L4973;2026-07-06;Mayorista
DET024;V0024;2026-04-13;12:38;Pagada;C033;1710000033;José;García;0944340769;c33@mail.com;Calle 33;E05;David;Panadero;S03;Sur;Quito;P06;Empanada;CAT03;Bocadillos;MAR03;Casera;Unidad;1.5;3;PR03;Chocolate Ecuador;Quito;023407669;chocolateecuador@proveedor.com;MP01;Efectivo;10%;0.45;4.5;0.61;4.66;;L6088;2026-04-25;Mayorista
DET025;V0025;2026-04-06;11:52;Pagada;C001;1710000001;Ana;Vera;0986274909;c1@mail.com;Calle 1;E07;Luis;Panadero;S02;Norte;Quito;P06;Empanada;CAT03;Bocadillos;MAR03;Casera;Unidad;1.5;6;PR03;Chocolate Ecuador;Quito;022003493;chocolateecuador@proveedor.com;MP01;Efectivo;Ninguna;0.9;9;1.21;9.31;Pedido especial;L9521;2026-04-25;Nuevo
DET026;V0026;2026-01-27;15:02;Entregada;C037;1710000037;Juan;López;0913446568;c37@mail.com;Calle 37;E08;Mónica;Administrador;S01;Centro;Quito;P08;Brownie;CAT01;Pasteles;MAR01;Delicia;Unidad;1.4;1;PR02;Lácteos Sierra;Latacunga;027634250;lácteossierra@proveedor.com;MP03;Transferencia;10%;0.14;1.4;0.19;1.45;;L6062;2026-02-22;Mayorista
DET027;V0027;2026-06-05;08:21;Entregada;C012;1710000012;Luis;Mendoza;0953417212;c12@mail.com;Calle 12;E04;Rosa;Panadero;S02;Norte;Quito;P03;Dona;CAT04;Repostería;MAR05;Dulce;Unidad;0.8;3;PR02;Lácteos Sierra;Latacunga;024345597;lácteossierra@proveedor.com;MP03;Transferencia;Cliente Frecuente;0.24;2.4;0.32;2.48;;L8896;2026-06-28;Nuevo
DET028;V0028;2026-02-25;13:40;Pagada;C023;1710000023;Lucía;García;0951679534;c23@mail.com;Calle 23;E05;David;Panadero;S03;Sur;Quito;P02;Croissant;CAT04;Repostería;MAR04;La Ideal;Unidad;1.2;3;PR01;Harinas Andinas;Quito;022844160;harinasandinas@proveedor.com;MP02;QR;10%;0.36;3.6;0.49;3.73;Pedido especial;L8981;2026-03-12;Frecuente
DET029;V0029;2026-03-07;16:57;Entregada;C013;1710000013;María;Ruiz;0973997932;c13@mail.com;Calle 13;E08;Mónica;Administrador;S01;Centro;Quito;P10;Jugo;CAT05;Bebidas;MAR06;Natural;Vaso;1;5;PR02;Lácteos Sierra;Latacunga;029735292;lácteossierra@proveedor.com;MP01;Efectivo;Cliente Frecuente;0.5;5;0.67;5.17;;L4905;2026-03-16;Mayorista
DET030;V0030;2026-04-22;11:17;Pagada;C022;1710000022;Lucía;León;0943738481;c22@mail.com;Calle 22;E05;David;Panadero;S03;Sur;Quito;P04;Pastel Chocolate;CAT01;Pasteles;MAR01;Delicia;Unidad;18;3;PR03;Chocolate Ecuador;Quito;027050098;chocolateecuador@proveedor.com;MP02;QR;10%;0;54;8.1;62.1;;L3754;2026-05-21;Nuevo
DET031;V0031;2026-02-09;17:15;Entregada;C006;1710000006;José;Ruiz;0930503363;c6@mail.com;Calle 6;E02;Paula;Cajero;S03;Sur;Quito;P01;Pan Francés;CAT02;Pan;MAR02;Bimbo;Unidad;0.3;3;PR02;Lácteos Sierra;Latacunga;028952205;lácteossierra@proveedor.com;MP03;Transferencia;Cliente Frecuente;0.09;0.9;0.12;0.93;;L7185;2026-02-24;Frecuente
DET032;V0032;2026-05-09;17:54;Entregada;C005;1710000005;Ana;León;0959299517;c5@mail.com;Calle 5;E06;Nora;Cajero;S03;Sur;Quito;P08;Brownie;CAT01;Pasteles;MAR01;Delicia;Unidad;1.4;8;PR03;Chocolate Ecuador;Quito;023135184;chocolateecuador@proveedor.com;MP04;Tarjeta;Ninguna;0;11.2;1.68;12.88;Venta matutina;L9080;2026-06-03;Nuevo
DET033;V0033;2026-01-13;19:13;Entregada;C004;1710000004;Marta;García;0985818365;c4@mail.com;Calle 4;E07;Luis;Panadero;S02;Norte;Quito;P09;Galleta;CAT04;Repostería;MAR05;Dulce;Unidad;0.4;1;PR02;Lácteos Sierra;Latacunga;027437602;lácteossierra@proveedor.com;MP04;Tarjeta;10%;0;0.4;0.06;0.46;Pedido especial;L1153;2026-02-05;Frecuente
DET034;V0034;2026-02-10;17:30;Pagada;C006;1710000006;José;Ruiz;0930503363;c6@mail.com;Calle 6;E05;David;Panadero;S02;Norte;Quito;P01;Pan Francés;CAT02;Pan;MAR02;Bimbo;Unidad;0.3;3;PR01;Harinas Andinas;Quito;023889569;harinasandinas@proveedor.com;MP01;Efectivo;Ninguna;0.09;0.9;0.12;0.93;Venta matutina;L5600;2026-02-17;Nuevo
DET035;V0035;2026-04-19;15:38;Entregada;C037;1710000037;Juan;López;0913446568;c37@mail.com;Calle 37;E04;Rosa;Panadero;S01;Centro;Quito;P06;Empanada;CAT03;Bocadillos;MAR03;Casera;Unidad;1.5;3;PR03;Chocolate Ecuador;Quito;021795703;chocolateecuador@proveedor.com;MP04;Tarjeta;Ninguna;0.45;4.5;0.61;4.66;Pedido especial;L3975;2026-04-24;Nuevo
DET036;V0036;2026-05-28;14:03;Pagada;C023;1710000023;Lucía;García;0951679534;c23@mail.com;Calle 23;E08;Mónica;Administrador;S02;Norte;Quito;P03;Dona;CAT04;Repostería;MAR05;Dulce;Unidad;0.8;5;PR03;Chocolate Ecuador;Quito;024719722;chocolateecuador@proveedor.com;MP01;Efectivo;10%;0.4;4;0.54;4.14;;L9984;2026-06-12;Mayorista
DET037;V0037;2026-01-24;12:29;Entregada;C014;1710000014;Carlos;León;0968219498;c14@mail.com;Calle 14;E03;Kevin;Cajero;S03;Sur;Quito;P07;Pan Integral;CAT02;Pan;MAR02;Bimbo;Unidad;0.5;2;PR01;Harinas Andinas;Quito;021984643;harinasandinas@proveedor.com;MP03;Transferencia;Ninguna;0;1;0.15;1.15;Pedido especial;L7437;2026-02-11;Mayorista
DET038;V0038;2026-01-02;18:12;Entregada;C009;1710000009;María;García;0973850363;c9@mail.com;Calle 9;E08;Mónica;Administrador;S01;Centro;Quito;P04;Pastel Chocolate;CAT01;Pasteles;MAR01;Delicia;Unidad;18;3;PR02;Lácteos Sierra;Latacunga;025854165;lácteossierra@proveedor.com;MP01;Efectivo;2x1;5.4;54;7.29;55.89;Venta matutina;L8386;2026-01-28;Nuevo
DET039;V0039;2026-04-14;09:31;Pagada;C001;1710000001;Ana;Vera;0986274909;c1@mail.com;Calle 1;E07;Luis;Panadero;S01;Centro;Quito;P02;Croissant;CAT04;Repostería;MAR04;La Ideal;Unidad;1.2;4;PR05;Café Andino;Loja;021963339;caféandino@proveedor.com;MP04;Tarjeta;10%;0;4.8;0.72;5.52;Pedido especial;L5894;2026-04-22;Frecuente
DET040;V0040;2026-05-29;11:22;Pagada;C038;1710000038;José;Ruiz;0919449434;c38@mail.com;Calle 38;E01;Diego;Administrador;S01;Centro;Quito;P06;Empanada;CAT03;Bocadillos;MAR03;Casera;Unidad;1.5;8;PR04;Azúcar Nacional;Guayaquil;025330271;azúcarnacional@proveedor.com;MP02;QR;10%;1.2;12;1.62;12.42;;L1227;2026-06-09;Nuevo
DET041;V0041;2026-05-16;09:24;Entregada;C022;1710000022;Lucía;León;0943738481;c22@mail.com;Calle 22;E08;Mónica;Administrador;S03;Sur;Quito;P03;Dona;CAT04;Repostería;MAR05;Dulce;Unidad;0.8;4;PR05;Café Andino;Loja;022191311;caféandino@proveedor.com;MP04;Tarjeta;10%;0;3.2;0.48;3.68;Pedido especial;L8125;2026-05-27;Nuevo
DET042;V0042;2026-06-10;18:15;Pagada;C031;1710000031;Juan;Ruiz;0918669048;c31@mail.com;Calle 31;E08;Mónica;Administrador;S02;Norte;Quito;P09;Galleta;CAT04;Repostería;MAR05;Dulce;Unidad;0.4;7;PR04;Azúcar Nacional;Guayaquil;021107761;azúcarnacional@proveedor.com;MP01;Efectivo;Cliente Frecuente;0;2.8;0.42;3.22;Venta matutina;L1907;2026-07-07;Frecuente
DET043;V0043;2026-04-04;16:49;Pagada;C010;1710000010;Juan;Ruiz;0978950720;c10@mail.com;Calle 10;E06;Nora;Cajero;S03;Sur;Quito;P03;Dona;CAT04;Repostería;MAR05;Dulce;Unidad;0.8;7;PR01;Harinas Andinas;Quito;022622469;harinasandinas@proveedor.com;MP04;Tarjeta;2x1;0.56;5.6;0.76;5.8;;L1920;2026-04-10;Nuevo
DET044;V0044;2026-02-14;07:03;Entregada;C014;1710000014;Carlos;León;0968219498;c14@mail.com;Calle 14;E06;Nora;Cajero;S02;Norte;Quito;P03;Dona;CAT04;Repostería;MAR05;Dulce;Unidad;0.8;2;PR02;Lácteos Sierra;Latacunga;026655076;lácteossierra@proveedor.com;MP02;QR;10%;0.16;1.6;0.22;1.66;Pedido especial;L7214;2026-02-17;Nuevo
DET045;V0045;2026-06-28;12:49;Pagada;C024;1710000024;José;Pérez;0940411479;c24@mail.com;Calle 24;E05;David;Panadero;S03;Sur;Quito;P06;Empanada;CAT03;Bocadillos;MAR03;Casera;Unidad;1.5;6;PR02;Lácteos Sierra;Latacunga;028816020;lácteossierra@proveedor.com;MP02;QR;10%;0;9;1.35;10.35;;L3407;2026-07-14;Frecuente
DET046;V0046;2026-05-04;12:11;Entregada;C029;1710000029;Lucía;Ruiz;0920497903;c29@mail.com;Calle 29;E05;David;Panadero;S01;Centro;Quito;P09;Galleta;CAT04;Repostería;MAR05;Dulce;Unidad;0.4;6;PR05;Café Andino;Loja;023583392;caféandino@proveedor.com;MP02;QR;Ninguna;0;2.4;0.36;2.76;Pedido especial;L9533;2026-06-02;Nuevo
DET047;V0047;2026-03-27;18:42;Pagada;C027;1710000027;Carlos;Pérez;0912141725;c27@mail.com;Calle 27;E08;Mónica;Administrador;S03;Sur;Quito;P04;Pastel Chocolate;CAT01;Pasteles;MAR01;Delicia;Unidad;18;3;PR01;Harinas Andinas;Quito;028427055;harinasandinas@proveedor.com;MP03;Transferencia;Cliente Frecuente;5.4;54;7.29;55.89;Pedido especial;L1177;2026-04-04;Mayorista
DET048;V0048;2026-04-06;14:43;Entregada;C034;1710000034;Marta;León;0923881792;c34@mail.com;Calle 34;E03;Kevin;Cajero;S01;Centro;Quito;P07;Pan Integral;CAT02;Pan;MAR02;Bimbo;Unidad;0.5;5;PR02;Lácteos Sierra;Latacunga;029365923;lácteossierra@proveedor.com;MP01;Efectivo;10%;0.25;2.5;0.34;2.59;Venta matutina;L9899;2026-04-26;Frecuente
DET049;V0049;2026-02-16;17:06;Pagada;C039;1710000039;Ana;López;0931160907;c39@mail.com;Calle 39;E06;Nora;Cajero;S03;Sur;Quito;P07;Pan Integral;CAT02;Pan;MAR02;Bimbo;Unidad;0.5;5;PR01;Harinas Andinas;Quito;027099644;harinasandinas@proveedor.com;MP03;Transferencia;Ninguna;0;2.5;0.38;2.88;Venta matutina;L3254;2026-03-16;Frecuente
DET050;V0050;2026-01-29;16:17;Entregada;C016;1710000016;Sofía;León;0974430749;c16@mail.com;Calle 16;E03;Kevin;Cajero;S01;Centro;Quito;P06;Empanada;CAT03;Bocadillos;MAR03;Casera;Unidad;1.5;5;PR05;Café Andino;Loja;026735644;caféandino@proveedor.com;MP04;Tarjeta;10%;0;7.5;1.12;8.62;Venta matutina;L5372;2026-02-28;Nuevo
DET051;V0051;2026-06-07;07:33;Entregada;C006;1710000006;José;Ruiz;0930503363;c6@mail.com;Calle 6;E04;Rosa;Panadero;S03;Sur;Quito;P10;Jugo;CAT05;Bebidas;MAR06;Natural;Vaso;1;1;PR05;Café Andino;Loja;024828278;caféandino@proveedor.com;MP01;Efectivo;Cliente Frecuente;0.1;1;0.14;1.04;;L9288;2026-06-14;Nuevo
DET052;V0052;2026-05-21;15:25;Entregada;C040;1710000040;Lucía;León;0976169528;c40@mail.com;Calle 40;E05;David;Panadero;S02;Norte;Quito;P01;Pan Francés;CAT02;Pan;MAR02;Bimbo;Unidad;0.3;4;PR05;Café Andino;Loja;023880970;caféandino@proveedor.com;MP04;Tarjeta;Cliente Frecuente;0.12;1.2;0.16;1.24;Pedido especial;L9180;2026-05-29;Mayorista
DET053;V0053;2026-05-24;08:50;Entregada;C011;1710000011;Carlos;Pérez;0910445712;c11@mail.com;Calle 11;E04;Rosa;Panadero;S03;Sur;Quito;P03;Dona;CAT04;Repostería;MAR05;Dulce;Unidad;0.8;1;PR05;Café Andino;Loja;024470961;caféandino@proveedor.com;MP01;Efectivo;Ninguna;0.08;0.8;0.11;0.83;Pedido especial;L9343;2026-06-06;Mayorista
DET054;V0054;2026-04-01;15:57;Entregada;C014;1710000014;Carlos;León;0968219498;c14@mail.com;Calle 14;E08;Mónica;Administrador;S02;Norte;Quito;P09;Galleta;CAT04;Repostería;MAR05;Dulce;Unidad;0.4;6;PR02;Lácteos Sierra;Latacunga;025300768;lácteossierra@proveedor.com;MP01;Efectivo;2x1;0;2.4;0.36;2.76;;L5802;2026-04-26;Nuevo
DET055;V0055;2026-04-08;11:46;Pagada;C015;1710000015;Marta;Ruiz;0977330904;c15@mail.com;Calle 15;E06;Nora;Cajero;S01;Centro;Quito;P06;Empanada;CAT03;Bocadillos;MAR03;Casera;Unidad;1.5;5;PR03;Chocolate Ecuador;Quito;021141714;chocolateecuador@proveedor.com;MP04;Tarjeta;Cliente Frecuente;0;7.5;1.12;8.62;Pedido especial;L1452;2026-04-26;Nuevo
DET056;V0056;2026-05-17;18:09;Pagada;C031;1710000031;Juan;Ruiz;0918669048;c31@mail.com;Calle 31;E04;Rosa;Panadero;S03;Sur;Quito;P05;Café;CAT05;Bebidas;MAR07;Lojano;Taza;1.2;8;PR01;Harinas Andinas;Quito;022698740;harinasandinas@proveedor.com;MP03;Transferencia;Ninguna;0;9.6;1.44;11.04;Venta matutina;L7147;2026-05-22;Nuevo
DET057;V0057;2026-03-08;16:52;Pagada;C003;1710000003;Carlos;López;0992292490;c3@mail.com;Calle 3;E03;Kevin;Cajero;S03;Sur;Quito;P06;Empanada;CAT03;Bocadillos;MAR03;Casera;Unidad;1.5;1;PR03;Chocolate Ecuador;Quito;026797157;chocolateecuador@proveedor.com;MP01;Efectivo;Cliente Frecuente;0.15;1.5;0.2;1.55;Pedido especial;L9083;2026-03-17;Mayorista
DET058;V0058;2026-05-09;10:12;Entregada;C011;1710000011;Carlos;Pérez;0910445712;c11@mail.com;Calle 11;E05;David;Panadero;S02;Norte;Quito;P07;Pan Integral;CAT02;Pan;MAR02;Bimbo;Unidad;0.5;2;PR04;Azúcar Nacional;Guayaquil;023715365;azúcarnacional@proveedor.com;MP02;QR;Cliente Frecuente;0.1;1;0.14;1.04;;L6564;2026-05-22;Nuevo
DET059;V0059;2026-03-19;12:58;Pagada;C037;1710000037;Juan;López;0913446568;c37@mail.com;Calle 37;E04;Rosa;Panadero;S02;Norte;Quito;P10;Jugo;CAT05;Bebidas;MAR06;Natural;Vaso;1;2;PR03;Chocolate Ecuador;Quito;029703745;chocolateecuador@proveedor.com;MP03;Transferencia;Ninguna;0;2;0.3;2.3;Pedido especial;L7563;2026-04-05;Frecuente
DET060;V0060;2026-03-13;19:21;Entregada;C010;1710000010;Juan;Ruiz;0978950720;c10@mail.com;Calle 10;E03;Kevin;Cajero;S03;Sur;Quito;P08;Brownie;CAT01;Pasteles;MAR01;Delicia;Unidad;1.4;1;PR04;Azúcar Nacional;Guayaquil;027374231;azúcarnacional@proveedor.com;MP04;Tarjeta;Cliente Frecuente;0.14;1.4;0.19;1.45;;L6313;2026-04-11;Mayorista
DET061;V0061;2026-06-25;12:28;Pagada;C003;1710000003;Carlos;López;0992292490;c3@mail.com;Calle 3;E05;David;Panadero;S01;Centro;Quito;P10;Jugo;CAT05;Bebidas;MAR06;Natural;Vaso;1;4;PR05;Café Andino;Loja;022104658;caféandino@proveedor.com;MP02;QR;Ninguna;0.4;4;0.54;4.14;;L4585;2026-07-10;Frecuente
DET062;V0062;2026-05-04;12:54;Entregada;C039;1710000039;Ana;López;0931160907;c39@mail.com;Calle 39;E01;Diego;Administrador;S02;Norte;Quito;P02;Croissant;CAT04;Repostería;MAR04;La Ideal;Unidad;1.2;2;PR03;Chocolate Ecuador;Quito;025824134;chocolateecuador@proveedor.com;MP02;QR;2x1;0.24;2.4;0.32;2.48;Venta matutina;L5944;2026-05-23;Nuevo
DET063;V0063;2026-06-17;09:55;Entregada;C028;1710000028;Juan;López;0919370241;c28@mail.com;Calle 28;E01;Diego;Administrador;S02;Norte;Quito;P03;Dona;CAT04;Repostería;MAR05;Dulce;Unidad;0.8;8;PR04;Azúcar Nacional;Guayaquil;026374716;azúcarnacional@proveedor.com;MP01;Efectivo;2x1;0.64;6.4;0.86;6.62;;L3532;2026-07-12;Frecuente
DET064;V0064;2026-04-21;19:17;Entregada;C007;1710000007;Luis;Ruiz;0974895855;c7@mail.com;Calle 7;E06;Nora;Cajero;S02;Norte;Quito;P06;Empanada;CAT03;Bocadillos;MAR03;Casera;Unidad;1.5;5;PR01;Harinas Andinas;Quito;025032503;harinasandinas@proveedor.com;MP02;QR;Cliente Frecuente;0.75;7.5;1.01;7.76;Pedido especial;L1673;2026-05-10;Nuevo
DET065;V0065;2026-03-09;18:56;Pagada;C031;1710000031;Juan;Ruiz;0918669048;c31@mail.com;Calle 31;E05;David;Panadero;S01;Centro;Quito;P03;Dona;CAT04;Repostería;MAR05;Dulce;Unidad;0.8;1;PR02;Lácteos Sierra;Latacunga;022005472;lácteossierra@proveedor.com;MP01;Efectivo;Ninguna;0;0.8;0.12;0.92;;L8889;2026-03-29;Nuevo
DET066;V0066;2026-02-07;16:35;Pagada;C040;1710000040;Lucía;León;0976169528;c40@mail.com;Calle 40;E08;Mónica;Administrador;S03;Sur;Quito;P10;Jugo;CAT05;Bebidas;MAR06;Natural;Vaso;1;7;PR03;Chocolate Ecuador;Quito;025845895;chocolateecuador@proveedor.com;MP02;QR;Ninguna;0.7;7;0.94;7.24;Pedido especial;L3510;2026-03-08;Mayorista
DET067;V0067;2026-05-28;14:45;Pagada;C031;1710000031;Juan;Ruiz;0918669048;c31@mail.com;Calle 31;E07;Luis;Panadero;S01;Centro;Quito;P08;Brownie;CAT01;Pasteles;MAR01;Delicia;Unidad;1.4;8;PR03;Chocolate Ecuador;Quito;022115265;chocolateecuador@proveedor.com;MP02;QR;Ninguna;1.12;11.2;1.51;11.59;Pedido especial;L5861;2026-06-04;Mayorista
DET068;V0068;2026-01-23;16:50;Pagada;C009;1710000009;María;García;0973850363;c9@mail.com;Calle 9;E07;Luis;Panadero;S02;Norte;Quito;P07;Pan Integral;CAT02;Pan;MAR02;Bimbo;Unidad;0.5;4;PR03;Chocolate Ecuador;Quito;021400988;chocolateecuador@proveedor.com;MP02;QR;2x1;0;2;0.3;2.3;;L9685;2026-02-07;Mayorista
DET069;V0069;2026-05-30;17:11;Entregada;C028;1710000028;Juan;López;0919370241;c28@mail.com;Calle 28;E07;Luis;Panadero;S02;Norte;Quito;P02;Croissant;CAT04;Repostería;MAR04;La Ideal;Unidad;1.2;1;PR05;Café Andino;Loja;028906175;caféandino@proveedor.com;MP04;Tarjeta;2x1;0.12;1.2;0.16;1.24;Pedido especial;L9033;2026-06-16;Mayorista
DET070;V0070;2026-01-02;09:08;Pagada;C038;1710000038;José;Ruiz;0919449434;c38@mail.com;Calle 38;E03;Kevin;Cajero;S02;Norte;Quito;P09;Galleta;CAT04;Repostería;MAR05;Dulce;Unidad;0.4;7;PR01;Harinas Andinas;Quito;022842117;harinasandinas@proveedor.com;MP04;Tarjeta;2x1;0;2.8;0.42;3.22;Pedido especial;L6560;2026-01-26;Mayorista
DET071;V0071;2026-05-30;18:05;Pagada;C029;1710000029;Lucía;Ruiz;0920497903;c29@mail.com;Calle 29;E06;Nora;Cajero;S02;Norte;Quito;P04;Pastel Chocolate;CAT01;Pasteles;MAR01;Delicia;Unidad;18;7;PR01;Harinas Andinas;Quito;028828925;harinasandinas@proveedor.com;MP03;Transferencia;Ninguna;12.6;126;17.01;130.41;;L9426;2026-06-18;Mayorista
DET072;V0072;2026-01-20;18:37;Pagada;C012;1710000012;Luis;Mendoza;0953417212;c12@mail.com;Calle 12;E02;Paula;Cajero;S02;Norte;Quito;P01;Pan Francés;CAT02;Pan;MAR02;Bimbo;Unidad;0.3;6;PR03;Chocolate Ecuador;Quito;028391106;chocolateecuador@proveedor.com;MP04;Tarjeta;Ninguna;0;1.8;0.27;2.07;Pedido especial;L6148;2026-02-07;Mayorista
DET073;V0073;2026-02-25;17:00;Entregada;C004;1710000004;Marta;García;0985818365;c4@mail.com;Calle 4;E02;Paula;Cajero;S02;Norte;Quito;P05;Café;CAT05;Bebidas;MAR07;Lojano;Taza;1.2;7;PR01;Harinas Andinas;Quito;026505570;harinasandinas@proveedor.com;MP04;Tarjeta;2x1;0.84;8.4;1.13;8.69;Venta matutina;L3041;2026-03-04;Frecuente
DET074;V0074;2026-01-27;12:11;Entregada;C030;1710000030;Carlos;Torres;0947766530;c30@mail.com;Calle 30;E08;Mónica;Administrador;S02;Norte;Quito;P03;Dona;CAT04;Repostería;MAR05;Dulce;Unidad;0.8;1;PR03;Chocolate Ecuador;Quito;027827370;chocolateecuador@proveedor.com;MP04;Tarjeta;2x1;0;0.8;0.12;0.92;Venta matutina;L8571;2026-02-14;Nuevo
DET075;V0075;2026-03-23;11:26;Entregada;C009;1710000009;María;García;0973850363;c9@mail.com;Calle 9;E08;Mónica;Administrador;S03;Sur;Quito;P04;Pastel Chocolate;CAT01;Pasteles;MAR01;Delicia;Unidad;18;6;PR02;Lácteos Sierra;Latacunga;029353309;lácteossierra@proveedor.com;MP04;Tarjeta;10%;10.8;108;14.58;111.78;;L3075;2026-04-16;Mayorista
DET076;V0076;2026-02-25;14:16;Entregada;C010;1710000010;Juan;Ruiz;0978950720;c10@mail.com;Calle 10;E05;David;Panadero;S01;Centro;Quito;P08;Brownie;CAT01;Pasteles;MAR01;Delicia;Unidad;1.4;6;PR02;Lácteos Sierra;Latacunga;024167189;lácteossierra@proveedor.com;MP01;Efectivo;2x1;0.84;8.4;1.13;8.69;Venta matutina;L7217;2026-03-01;Mayorista
DET077;V0077;2026-06-06;11:17;Entregada;C019;1710000019;Luis;García;0992853319;c19@mail.com;Calle 19;E08;Mónica;Administrador;S02;Norte;Quito;P08;Brownie;CAT01;Pasteles;MAR01;Delicia;Unidad;1.4;6;PR01;Harinas Andinas;Quito;029660374;harinasandinas@proveedor.com;MP02;QR;10%;0.84;8.4;1.13;8.69;;L9191;2026-06-14;Mayorista
DET078;V0078;2026-05-03;18:42;Entregada;C032;1710000032;Marta;López;0953895403;c32@mail.com;Calle 32;E01;Diego;Administrador;S03;Sur;Quito;P08;Brownie;CAT01;Pasteles;MAR01;Delicia;Unidad;1.4;7;PR03;Chocolate Ecuador;Quito;024096997;chocolateecuador@proveedor.com;MP02;QR;10%;0.98;9.8;1.32;10.14;;L1037;2026-05-30;Nuevo
DET079;V0079;2026-02-08;13:14;Pagada;C023;1710000023;Lucía;García;0951679534;c23@mail.com;Calle 23;E03;Kevin;Cajero;S02;Norte;Quito;P08;Brownie;CAT01;Pasteles;MAR01;Delicia;Unidad;1.4;5;PR01;Harinas Andinas;Quito;028339695;harinasandinas@proveedor.com;MP03;Transferencia;Cliente Frecuente;0.7;7;0.94;7.24;Pedido especial;L3704;2026-03-07;Frecuente
DET080;V0080;2026-02-14;08:12;Pagada;C040;1710000040;Lucía;León;0976169528;c40@mail.com;Calle 40;E08;Mónica;Administrador;S02;Norte;Quito;P02;Croissant;CAT04;Repostería;MAR04;La Ideal;Unidad;1.2;2;PR03;Chocolate Ecuador;Quito;023125811;chocolateecuador@proveedor.com;MP03;Transferencia;Ninguna;0.24;2.4;0.32;2.48;;L5365;2026-03-02;Frecuente
DET081;V0081;2026-05-23;17:45;Pagada;C034;1710000034;Marta;León;0923881792;c34@mail.com;Calle 34;E07;Luis;Panadero;S02;Norte;Quito;P06;Empanada;CAT03;Bocadillos;MAR03;Casera;Unidad;1.5;7;PR01;Harinas Andinas;Quito;025936648;harinasandinas@proveedor.com;MP01;Efectivo;Ninguna;1.05;10.5;1.42;10.87;Pedido especial;L2646;2026-05-26;Nuevo
DET082;V0082;2026-05-13;19:38;Entregada;C028;1710000028;Juan;López;0919370241;c28@mail.com;Calle 28;E05;David;Panadero;S01;Centro;Quito;P09;Galleta;CAT04;Repostería;MAR05;Dulce;Unidad;0.4;6;PR04;Azúcar Nacional;Guayaquil;023048141;azúcarnacional@proveedor.com;MP01;Efectivo;Ninguna;0.24;2.4;0.32;2.48;;L1081;2026-06-03;Mayorista
DET083;V0083;2026-02-01;18:29;Entregada;C028;1710000028;Juan;López;0919370241;c28@mail.com;Calle 28;E01;Diego;Administrador;S03;Sur;Quito;P07;Pan Integral;CAT02;Pan;MAR02;Bimbo;Unidad;0.5;5;PR01;Harinas Andinas;Quito;028892997;harinasandinas@proveedor.com;MP04;Tarjeta;Cliente Frecuente;0;2.5;0.38;2.88;Pedido especial;L3347;2026-02-26;Mayorista
DET084;V0084;2026-01-21;13:25;Pagada;C011;1710000011;Carlos;Pérez;0910445712;c11@mail.com;Calle 11;E07;Luis;Panadero;S02;Norte;Quito;P10;Jugo;CAT05;Bebidas;MAR06;Natural;Vaso;1;6;PR01;Harinas Andinas;Quito;021532843;harinasandinas@proveedor.com;MP01;Efectivo;Ninguna;0;6;0.9;6.9;Pedido especial;L9150;2026-01-28;Frecuente
DET085;V0085;2026-01-06;18:03;Entregada;C034;1710000034;Marta;León;0923881792;c34@mail.com;Calle 34;E01;Diego;Administrador;S01;Centro;Quito;P02;Croissant;CAT04;Repostería;MAR04;La Ideal;Unidad;1.2;5;PR04;Azúcar Nacional;Guayaquil;026028180;azúcarnacional@proveedor.com;MP03;Transferencia;Cliente Frecuente;0.6;6;0.81;6.21;;L9580;2026-02-02;Frecuente
DET086;V0086;2026-05-18;19:37;Pagada;C002;1710000002;Sofía;García;0917215136;c2@mail.com;Calle 2;E01;Diego;Administrador;S02;Norte;Quito;P02;Croissant;CAT04;Repostería;MAR04;La Ideal;Unidad;1.2;7;PR01;Harinas Andinas;Quito;023574846;harinasandinas@proveedor.com;MP01;Efectivo;Ninguna;0;8.4;1.26;9.66;;L7321;2026-06-04;Nuevo
DET087;V0087;2026-06-07;19:40;Pagada;C028;1710000028;Juan;López;0919370241;c28@mail.com;Calle 28;E02;Paula;Cajero;S01;Centro;Quito;P05;Café;CAT05;Bebidas;MAR07;Lojano;Taza;1.2;7;PR01;Harinas Andinas;Quito;024829508;harinasandinas@proveedor.com;MP02;QR;2x1;0.84;8.4;1.13;8.69;Venta matutina;L8438;2026-06-28;Nuevo
DET088;V0088;2026-04-13;17:32;Pagada;C017;1710000017;Lucía;Vera;0976275142;c17@mail.com;Calle 17;E07;Luis;Panadero;S03;Sur;Quito;P01;Pan Francés;CAT02;Pan;MAR02;Bimbo;Unidad;0.3;4;PR02;Lácteos Sierra;Latacunga;023372772;lácteossierra@proveedor.com;MP03;Transferencia;10%;0.12;1.2;0.16;1.24;Venta matutina;L1086;2026-04-26;Frecuente
DET089;V0089;2026-01-28;09:00;Entregada;C018;1710000018;Pedro;Torres;0915856869;c18@mail.com;Calle 18;E02;Paula;Cajero;S03;Sur;Quito;P06;Empanada;CAT03;Bocadillos;MAR03;Casera;Unidad;1.5;5;PR01;Harinas Andinas;Quito;026330461;harinasandinas@proveedor.com;MP01;Efectivo;2x1;0.75;7.5;1.01;7.76;Pedido especial;L7515;2026-02-16;Nuevo
DET090;V0090;2026-05-02;14:53;Pagada;C016;1710000016;Sofía;León;0974430749;c16@mail.com;Calle 16;E05;David;Panadero;S02;Norte;Quito;P04;Pastel Chocolate;CAT01;Pasteles;MAR01;Delicia;Unidad;18;4;PR04;Azúcar Nacional;Guayaquil;025008066;azúcarnacional@proveedor.com;MP03;Transferencia;2x1;0;72;10.8;82.8;Pedido especial;L8353;2026-05-08;Nuevo
DET091;V0091;2026-05-03;07:05;Entregada;C022;1710000022;Lucía;León;0943738481;c22@mail.com;Calle 22;E02;Paula;Cajero;S03;Sur;Quito;P04;Pastel Chocolate;CAT01;Pasteles;MAR01;Delicia;Unidad;18;4;PR05;Café Andino;Loja;026019384;caféandino@proveedor.com;MP04;Tarjeta;Cliente Frecuente;0;72;10.8;82.8;;L3411;2026-05-18;Frecuente
DET092;V0092;2026-04-06;15:50;Entregada;C009;1710000009;María;García;0973850363;c9@mail.com;Calle 9;E01;Diego;Administrador;S01;Centro;Quito;P03;Dona;CAT04;Repostería;MAR05;Dulce;Unidad;0.8;4;PR04;Azúcar Nacional;Guayaquil;025410522;azúcarnacional@proveedor.com;MP02;QR;Ninguna;0.32;3.2;0.43;3.31;;L8257;2026-04-28;Frecuente
DET093;V0093;2026-01-19;16:15;Entregada;C018;1710000018;Pedro;Torres;0915856869;c18@mail.com;Calle 18;E07;Luis;Panadero;S03;Sur;Quito;P02;Croissant;CAT04;Repostería;MAR04;La Ideal;Unidad;1.2;1;PR03;Chocolate Ecuador;Quito;021871473;chocolateecuador@proveedor.com;MP02;QR;10%;0.12;1.2;0.16;1.24;Venta matutina;L6768;2026-01-24;Nuevo
DET094;V0094;2026-04-12;08:55;Entregada;C011;1710000011;Carlos;Pérez;0910445712;c11@mail.com;Calle 11;E02;Paula;Cajero;S03;Sur;Quito;P09;Galleta;CAT04;Repostería;MAR05;Dulce;Unidad;0.4;7;PR01;Harinas Andinas;Quito;021997400;harinasandinas@proveedor.com;MP04;Tarjeta;10%;0.28;2.8;0.38;2.9;Venta matutina;L1388;2026-04-25;Nuevo
DET095;V0095;2026-06-19;09:56;Pagada;C034;1710000034;Marta;León;0923881792;c34@mail.com;Calle 34;E01;Diego;Administrador;S03;Sur;Quito;P08;Brownie;CAT01;Pasteles;MAR01;Delicia;Unidad;1.4;7;PR04;Azúcar Nacional;Guayaquil;025098826;azúcarnacional@proveedor.com;MP02;QR;10%;0.98;9.8;1.32;10.14;Venta matutina;L2796;2026-06-23;Frecuente
DET096;V0096;2026-01-14;08:26;Pagada;C028;1710000028;Juan;López;0919370241;c28@mail.com;Calle 28;E07;Luis;Panadero;S01;Centro;Quito;P07;Pan Integral;CAT02;Pan;MAR02;Bimbo;Unidad;0.5;7;PR05;Café Andino;Loja;026514923;caféandino@proveedor.com;MP01;Efectivo;Ninguna;0.35;3.5;0.47;3.62;Venta matutina;L4493;2026-01-18;Mayorista
DET097;V0097;2026-06-26;10:59;Entregada;C003;1710000003;Carlos;López;0992292490;c3@mail.com;Calle 3;E05;David;Panadero;S02;Norte;Quito;P10;Jugo;CAT05;Bebidas;MAR06;Natural;Vaso;1;8;PR03;Chocolate Ecuador;Quito;022422469;chocolateecuador@proveedor.com;MP02;QR;Ninguna;0.8;8;1.08;8.28;;L3627;2026-07-22;Mayorista
DET098;V0098;2026-03-15;08:46;Entregada;C034;1710000034;Marta;León;0923881792;c34@mail.com;Calle 34;E04;Rosa;Panadero;S03;Sur;Quito;P07;Pan Integral;CAT02;Pan;MAR02;Bimbo;Unidad;0.5;8;PR01;Harinas Andinas;Quito;024532538;harinasandinas@proveedor.com;MP01;Efectivo;Ninguna;0;4;0.6;4.6;;L4421;2026-04-12;Frecuente
DET099;V0099;2026-02-19;18:53;Entregada;C040;1710000040;Lucía;León;0976169528;c40@mail.com;Calle 40;E08;Mónica;Administrador;S03;Sur;Quito;P01;Pan Francés;CAT02;Pan;MAR02;Bimbo;Unidad;0.3;6;PR05;Café Andino;Loja;028994290;caféandino@proveedor.com;MP03;Transferencia;10%;0;1.8;0.27;2.07;Venta matutina;L9224;2026-03-14;Mayorista
DET100;V0100;2026-01-25;15:43;Entregada;C024;1710000024;José;Pérez;0940411479;c24@mail.com;Calle 24;E02;Paula;Cajero;S01;Centro;Quito;P04;Pastel Chocolate;CAT01;Pasteles;MAR01;Delicia;Unidad;18;6;PR05;Café Andino;Loja;025895020;caféandino@proveedor.com;MP03;Transferencia;10%;0;108;16.2;124.2;Pedido especial;L2449;2026-02-10;Frecuente
DET101;V0101;2026-06-23;07:05;Pagada;C039;1710000039;Ana;López;0931160907;c39@mail.com;Calle 39;E08;Mónica;Administrador;S02;Norte;Quito;P02;Croissant;CAT04;Repostería;MAR04;La Ideal;Unidad;1.2;2;PR04;Azúcar Nacional;Guayaquil;023745575;azúcarnacional@proveedor.com;MP01;Efectivo;Cliente Frecuente;0.24;2.4;0.32;2.48;Venta matutina;L9804;2026-07-19;Frecuente
DET102;V0102;2026-06-25;15:36;Pagada;C026;1710000026;Ana;López;0958435462;c26@mail.com;Calle 26;E01;Diego;Administrador;S03;Sur;Quito;P10;Jugo;CAT05;Bebidas;MAR06;Natural;Vaso;1;6;PR01;Harinas Andinas;Quito;021061706;harinasandinas@proveedor.com;MP01;Efectivo;2x1;0;6;0.9;6.9;Pedido especial;L5631;2026-07-04;Nuevo
DET103;V0103;2026-05-26;09:26;Pagada;C016;1710000016;Sofía;León;0974430749;c16@mail.com;Calle 16;E02;Paula;Cajero;S01;Centro;Quito;P08;Brownie;CAT01;Pasteles;MAR01;Delicia;Unidad;1.4;5;PR03;Chocolate Ecuador;Quito;029775732;chocolateecuador@proveedor.com;MP01;Efectivo;10%;0.7;7;0.94;7.24;;L8046;2026-06-03;Nuevo
DET104;V0104;2026-03-23;11:10;Entregada;C023;1710000023;Lucía;García;0951679534;c23@mail.com;Calle 23;E07;Luis;Panadero;S01;Centro;Quito;P04;Pastel Chocolate;CAT01;Pasteles;MAR01;Delicia;Unidad;18;7;PR02;Lácteos Sierra;Latacunga;024582051;lácteossierra@proveedor.com;MP03;Transferencia;10%;12.6;126;17.01;130.41;Pedido especial;L4433;2026-04-12;Mayorista
DET105;V0105;2026-02-03;16:05;Pagada;C033;1710000033;José;García;0944340769;c33@mail.com;Calle 33;E04;Rosa;Panadero;S01;Centro;Quito;P10;Jugo;CAT05;Bebidas;MAR06;Natural;Vaso;1;6;PR01;Harinas Andinas;Quito;026784418;harinasandinas@proveedor.com;MP04;Tarjeta;10%;0.6;6;0.81;6.21;Venta matutina;L6291;2026-02-12;Nuevo
DET106;V0106;2026-02-13;13:07;Entregada;C028;1710000028;Juan;López;0919370241;c28@mail.com;Calle 28;E01;Diego;Administrador;S03;Sur;Quito;P04;Pastel Chocolate;CAT01;Pasteles;MAR01;Delicia;Unidad;18;1;PR03;Chocolate Ecuador;Quito;027203981;chocolateecuador@proveedor.com;MP02;QR;2x1;1.8;18;2.43;18.63;Pedido especial;L2466;2026-02-15;Frecuente
DET107;V0107;2026-05-01;11:09;Entregada;C017;1710000017;Lucía;Vera;0976275142;c17@mail.com;Calle 17;E07;Luis;Panadero;S02;Norte;Quito;P01;Pan Francés;CAT02;Pan;MAR02;Bimbo;Unidad;0.3;7;PR03;Chocolate Ecuador;Quito;025027011;chocolateecuador@proveedor.com;MP01;Efectivo;Cliente Frecuente;0.21;2.1;0.28;2.17;Pedido especial;L9539;2026-05-29;Frecuente
DET108;V0108;2026-06-03;10:53;Pagada;C003;1710000003;Carlos;López;0992292490;c3@mail.com;Calle 3;E06;Nora;Cajero;S03;Sur;Quito;P04;Pastel Chocolate;CAT01;Pasteles;MAR01;Delicia;Unidad;18;3;PR02;Lácteos Sierra;Latacunga;027173746;lácteossierra@proveedor.com;MP03;Transferencia;2x1;5.4;54;7.29;55.89;Pedido especial;L3122;2026-06-21;Nuevo
DET109;V0109;2026-04-27;12:01;Entregada;C018;1710000018;Pedro;Torres;0915856869;c18@mail.com;Calle 18;E05;David;Panadero;S03;Sur;Quito;P08;Brownie;CAT01;Pasteles;MAR01;Delicia;Unidad;1.4;6;PR03;Chocolate Ecuador;Quito;027098796;chocolateecuador@proveedor.com;MP02;QR;Ninguna;0.84;8.4;1.13;8.69;Venta matutina;L6625;2026-05-21;Nuevo
DET110;V0110;2026-06-10;08:25;Pagada;C017;1710000017;Lucía;Vera;0976275142;c17@mail.com;Calle 17;E06;Nora;Cajero;S03;Sur;Quito;P01;Pan Francés;CAT02;Pan;MAR02;Bimbo;Unidad;0.3;3;PR02;Lácteos Sierra;Latacunga;023258338;lácteossierra@proveedor.com;MP04;Tarjeta;Cliente Frecuente;0;0.9;0.14;1.04;Pedido especial;L9694;2026-06-24;Mayorista
DET111;V0111;2026-02-17;16:12;Pagada;C011;1710000011;Carlos;Pérez;0910445712;c11@mail.com;Calle 11;E05;David;Panadero;S03;Sur;Quito;P02;Croissant;CAT04;Repostería;MAR04;La Ideal;Unidad;1.2;7;PR05;Café Andino;Loja;026884406;caféandino@proveedor.com;MP02;QR;Ninguna;0.84;8.4;1.13;8.69;Venta matutina;L1016;2026-03-03;Frecuente
DET112;V0112;2026-02-19;09:09;Pagada;C039;1710000039;Ana;López;0931160907;c39@mail.com;Calle 39;E03;Kevin;Cajero;S03;Sur;Quito;P06;Empanada;CAT03;Bocadillos;MAR03;Casera;Unidad;1.5;4;PR05;Café Andino;Loja;022974497;caféandino@proveedor.com;MP04;Tarjeta;Cliente Frecuente;0.6;6;0.81;6.21;Venta matutina;L3796;2026-02-28;Mayorista
DET113;V0113;2026-04-01;07:30;Pagada;C031;1710000031;Juan;Ruiz;0918669048;c31@mail.com;Calle 31;E05;David;Panadero;S02;Norte;Quito;P08;Brownie;CAT01;Pasteles;MAR01;Delicia;Unidad;1.4;5;PR01;Harinas Andinas;Quito;022512831;harinasandinas@proveedor.com;MP01;Efectivo;10%;0.7;7;0.94;7.24;;L6261;2026-04-03;Frecuente
DET114;V0114;2026-03-18;07:54;Entregada;C024;1710000024;José;Pérez;0940411479;c24@mail.com;Calle 24;E08;Mónica;Administrador;S03;Sur;Quito;P03;Dona;CAT04;Repostería;MAR05;Dulce;Unidad;0.8;5;PR01;Harinas Andinas;Quito;026121281;harinasandinas@proveedor.com;MP03;Transferencia;Ninguna;0.4;4;0.54;4.14;;L6692;2026-03-25;Frecuente
DET115;V0115;2026-01-24;19:53;Entregada;C014;1710000014;Carlos;León;0968219498;c14@mail.com;Calle 14;E05;David;Panadero;S03;Sur;Quito;P08;Brownie;CAT01;Pasteles;MAR01;Delicia;Unidad;1.4;4;PR05;Café Andino;Loja;025487154;caféandino@proveedor.com;MP04;Tarjeta;Cliente Frecuente;0;5.6;0.84;6.44;Pedido especial;L1815;2026-02-03;Mayorista
DET116;V0116;2026-01-21;10:32;Entregada;C007;1710000007;Luis;Ruiz;0974895855;c7@mail.com;Calle 7;E01;Diego;Administrador;S02;Norte;Quito;P04;Pastel Chocolate;CAT01;Pasteles;MAR01;Delicia;Unidad;18;2;PR04;Azúcar Nacional;Guayaquil;028032728;azúcarnacional@proveedor.com;MP04;Tarjeta;Cliente Frecuente;3.6;36;4.86;37.26;;L7710;2026-02-05;Frecuente
DET117;V0117;2026-06-09;07:05;Pagada;C011;1710000011;Carlos;Pérez;0910445712;c11@mail.com;Calle 11;E02;Paula;Cajero;S01;Centro;Quito;P04;Pastel Chocolate;CAT01;Pasteles;MAR01;Delicia;Unidad;18;8;PR02;Lácteos Sierra;Latacunga;022415238;lácteossierra@proveedor.com;MP04;Tarjeta;10%;14.4;144;19.44;149.04;Venta matutina;L1921;2026-06-13;Frecuente
DET118;V0118;2026-06-03;07:44;Entregada;C032;1710000032;Marta;López;0953895403;c32@mail.com;Calle 32;E02;Paula;Cajero;S03;Sur;Quito;P02;Croissant;CAT04;Repostería;MAR04;La Ideal;Unidad;1.2;7;PR05;Café Andino;Loja;029774565;caféandino@proveedor.com;MP02;QR;2x1;0.84;8.4;1.13;8.69;Venta matutina;L7147;2026-06-29;Nuevo
DET119;V0119;2026-03-12;12:19;Pagada;C019;1710000019;Luis;García;0992853319;c19@mail.com;Calle 19;E04;Rosa;Panadero;S02;Norte;Quito;P10;Jugo;CAT05;Bebidas;MAR06;Natural;Vaso;1;2;PR01;Harinas Andinas;Quito;022323843;harinasandinas@proveedor.com;MP04;Tarjeta;2x1;0.2;2;0.27;2.07;Pedido especial;L7408;2026-03-18;Nuevo
DET120;V0120;2026-05-09;09:09;Entregada;C003;1710000003;Carlos;López;0992292490;c3@mail.com;Calle 3;E04;Rosa;Panadero;S03;Sur;Quito;P08;Brownie;CAT01;Pasteles;MAR01;Delicia;Unidad;1.4;1;PR01;Harinas Andinas;Quito;026572968;harinasandinas@proveedor.com;MP01;Efectivo;Ninguna;0.14;1.4;0.19;1.45;Venta matutina;L2690;2026-06-03;Mayorista
DET121;V0121;2026-06-28;14:32;Pagada;C026;1710000026;Ana;López;0958435462;c26@mail.com;Calle 26;E07;Luis;Panadero;S02;Norte;Quito;P08;Brownie;CAT01;Pasteles;MAR01;Delicia;Unidad;1.4;8;PR04;Azúcar Nacional;Guayaquil;025174156;azúcarnacional@proveedor.com;MP02;QR;Ninguna;1.12;11.2;1.51;11.59;;L2179;2026-07-24;Mayorista
DET122;V0122;2026-03-21;15:38;Entregada;C010;1710000010;Juan;Ruiz;0978950720;c10@mail.com;Calle 10;E05;David;Panadero;S03;Sur;Quito;P08;Brownie;CAT01;Pasteles;MAR01;Delicia;Unidad;1.4;3;PR04;Azúcar Nacional;Guayaquil;021651697;azúcarnacional@proveedor.com;MP04;Tarjeta;Cliente Frecuente;0.42;4.2;0.57;4.35;;L6312;2026-04-14;Mayorista
DET123;V0123;2026-05-28;08:51;Pagada;C004;1710000004;Marta;García;0985818365;c4@mail.com;Calle 4;E06;Nora;Cajero;S02;Norte;Quito;P09;Galleta;CAT04;Repostería;MAR05;Dulce;Unidad;0.4;8;PR02;Lácteos Sierra;Latacunga;029653510;lácteossierra@proveedor.com;MP02;QR;2x1;0.32;3.2;0.43;3.31;;L5810;2026-06-04;Nuevo
DET124;V0124;2026-05-02;08:38;Entregada;C030;1710000030;Carlos;Torres;0947766530;c30@mail.com;Calle 30;E01;Diego;Administrador;S03;Sur;Quito;P07;Pan Integral;CAT02;Pan;MAR02;Bimbo;Unidad;0.5;1;PR02;Lácteos Sierra;Latacunga;028008944;lácteossierra@proveedor.com;MP02;QR;10%;0;0.5;0.07;0.57;Venta matutina;L1902;2026-05-07;Frecuente
DET125;V0125;2026-02-13;14:14;Pagada;C034;1710000034;Marta;León;0923881792;c34@mail.com;Calle 34;E02;Paula;Cajero;S01;Centro;Quito;P01;Pan Francés;CAT02;Pan;MAR02;Bimbo;Unidad;0.3;6;PR03;Chocolate Ecuador;Quito;023269864;chocolateecuador@proveedor.com;MP02;QR;Ninguna;0.18;1.8;0.24;1.86;Venta matutina;L9263;2026-02-17;Mayorista
DET126;V0126;2026-05-29;15:11;Pagada;C035;1710000035;José;Mendoza;0997621633;c35@mail.com;Calle 35;E05;David;Panadero;S01;Centro;Quito;P04;Pastel Chocolate;CAT01;Pasteles;MAR01;Delicia;Unidad;18;1;PR04;Azúcar Nacional;Guayaquil;028609470;azúcarnacional@proveedor.com;MP01;Efectivo;Cliente Frecuente;1.8;18;2.43;18.63;Pedido especial;L2514;2026-06-19;Frecuente
DET127;V0127;2026-04-07;11:11;Entregada;C039;1710000039;Ana;López;0931160907;c39@mail.com;Calle 39;E04;Rosa;Panadero;S02;Norte;Quito;P06;Empanada;CAT03;Bocadillos;MAR03;Casera;Unidad;1.5;7;PR04;Azúcar Nacional;Guayaquil;025265566;azúcarnacional@proveedor.com;MP01;Efectivo;10%;1.05;10.5;1.42;10.87;Venta matutina;L3604;2026-05-07;Mayorista
DET128;V0128;2026-01-04;13:15;Pagada;C016;1710000016;Sofía;León;0974430749;c16@mail.com;Calle 16;E02;Paula;Cajero;S03;Sur;Quito;P10;Jugo;CAT05;Bebidas;MAR06;Natural;Vaso;1;4;PR03;Chocolate Ecuador;Quito;023206917;chocolateecuador@proveedor.com;MP02;QR;Ninguna;0.4;4;0.54;4.14;;L2494;2026-01-30;Frecuente
DET129;V0129;2026-04-08;08:01;Pagada;C033;1710000033;José;García;0944340769;c33@mail.com;Calle 33;E03;Kevin;Cajero;S02;Norte;Quito;P06;Empanada;CAT03;Bocadillos;MAR03;Casera;Unidad;1.5;7;PR04;Azúcar Nacional;Guayaquil;024207456;azúcarnacional@proveedor.com;MP03;Transferencia;Cliente Frecuente;0;10.5;1.57;12.07;;L5926;2026-04-29;Mayorista
DET130;V0130;2026-04-20;07:02;Pagada;C038;1710000038;José;Ruiz;0919449434;c38@mail.com;Calle 38;E02;Paula;Cajero;S02;Norte;Quito;P01;Pan Francés;CAT02;Pan;MAR02;Bimbo;Unidad;0.3;8;PR04;Azúcar Nacional;Guayaquil;022035799;azúcarnacional@proveedor.com;MP03;Transferencia;Ninguna;0.24;2.4;0.32;2.48;Pedido especial;L5914;2026-04-29;Frecuente
DET131;V0131;2026-01-31;08:43;Pagada;C018;1710000018;Pedro;Torres;0915856869;c18@mail.com;Calle 18;E08;Mónica;Administrador;S01;Centro;Quito;P01;Pan Francés;CAT02;Pan;MAR02;Bimbo;Unidad;0.3;4;PR03;Chocolate Ecuador;Quito;022100780;chocolateecuador@proveedor.com;MP02;QR;Ninguna;0.12;1.2;0.16;1.24;Venta matutina;L9352;2026-02-10;Frecuente
DET132;V0132;2026-04-28;10:30;Entregada;C040;1710000040;Lucía;León;0976169528;c40@mail.com;Calle 40;E07;Luis;Panadero;S03;Sur;Quito;P07;Pan Integral;CAT02;Pan;MAR02;Bimbo;Unidad;0.5;7;PR04;Azúcar Nacional;Guayaquil;021058124;azúcarnacional@proveedor.com;MP04;Tarjeta;Ninguna;0.35;3.5;0.47;3.62;Venta matutina;L8777;2026-05-14;Nuevo
DET133;V0133;2026-04-30;07:43;Entregada;C019;1710000019;Luis;García;0992853319;c19@mail.com;Calle 19;E01;Diego;Administrador;S03;Sur;Quito;P03;Dona;CAT04;Repostería;MAR05;Dulce;Unidad;0.8;6;PR01;Harinas Andinas;Quito;029917163;harinasandinas@proveedor.com;MP02;QR;10%;0.48;4.8;0.65;4.97;Pedido especial;L7786;2026-05-03;Frecuente
DET134;V0134;2026-05-05;07:27;Entregada;C008;1710000008;Pedro;Pérez;0910166811;c8@mail.com;Calle 8;E05;David;Panadero;S02;Norte;Quito;P07;Pan Integral;CAT02;Pan;MAR02;Bimbo;Unidad;0.5;6;PR05;Café Andino;Loja;025668930;caféandino@proveedor.com;MP03;Transferencia;Ninguna;0;3;0.45;3.45;;L9090;2026-05-28;Nuevo
DET135;V0135;2026-01-26;13:33;Entregada;C023;1710000023;Lucía;García;0951679534;c23@mail.com;Calle 23;E03;Kevin;Cajero;S01;Centro;Quito;P03;Dona;CAT04;Repostería;MAR05;Dulce;Unidad;0.8;1;PR05;Café Andino;Loja;028588250;caféandino@proveedor.com;MP03;Transferencia;2x1;0;0.8;0.12;0.92;Pedido especial;L1890;2026-02-17;Nuevo
DET136;V0136;2026-03-21;08:56;Pagada;C012;1710000012;Luis;Mendoza;0953417212;c12@mail.com;Calle 12;E04;Rosa;Panadero;S03;Sur;Quito;P08;Brownie;CAT01;Pasteles;MAR01;Delicia;Unidad;1.4;3;PR01;Harinas Andinas;Quito;029733351;harinasandinas@proveedor.com;MP02;QR;Ninguna;0;4.2;0.63;4.83;Pedido especial;L8790;2026-04-12;Mayorista
DET137;V0137;2026-06-16;19:27;Pagada;C016;1710000016;Sofía;León;0974430749;c16@mail.com;Calle 16;E05;David;Panadero;S03;Sur;Quito;P01;Pan Francés;CAT02;Pan;MAR02;Bimbo;Unidad;0.3;6;PR01;Harinas Andinas;Quito;028902037;harinasandinas@proveedor.com;MP02;QR;Cliente Frecuente;0.18;1.8;0.24;1.86;Venta matutina;L6620;2026-06-21;Frecuente
DET138;V0138;2026-01-23;15:08;Pagada;C028;1710000028;Juan;López;0919370241;c28@mail.com;Calle 28;E04;Rosa;Panadero;S01;Centro;Quito;P03;Dona;CAT04;Repostería;MAR05;Dulce;Unidad;0.8;4;PR02;Lácteos Sierra;Latacunga;029743549;lácteossierra@proveedor.com;MP01;Efectivo;2x1;0.32;3.2;0.43;3.31;Venta matutina;L7473;2026-02-05;Mayorista
DET139;V0139;2026-01-11;11:14;Entregada;C030;1710000030;Carlos;Torres;0947766530;c30@mail.com;Calle 30;E02;Paula;Cajero;S01;Centro;Quito;P05;Café;CAT05;Bebidas;MAR07;Lojano;Taza;1.2;5;PR01;Harinas Andinas;Quito;022317429;harinasandinas@proveedor.com;MP03;Transferencia;Cliente Frecuente;0.6;6;0.81;6.21;Pedido especial;L7831;2026-01-29;Nuevo
DET140;V0140;2026-03-19;12:08;Pagada;C039;1710000039;Ana;López;0931160907;c39@mail.com;Calle 39;E05;David;Panadero;S02;Norte;Quito;P05;Café;CAT05;Bebidas;MAR07;Lojano;Taza;1.2;1;PR03;Chocolate Ecuador;Quito;021464724;chocolateecuador@proveedor.com;MP02;QR;10%;0.12;1.2;0.16;1.24;Venta matutina;L9172;2026-04-04;Nuevo
DET141;V0141;2026-06-22;13:49;Pagada;C020;1710000020;Marta;Mendoza;0975628662;c20@mail.com;Calle 20;E01;Diego;Administrador;S02;Norte;Quito;P08;Brownie;CAT01;Pasteles;MAR01;Delicia;Unidad;1.4;7;PR01;Harinas Andinas;Quito;028805741;harinasandinas@proveedor.com;MP02;QR;Cliente Frecuente;0;9.8;1.47;11.27;;L1645;2026-07-18;Mayorista
DET142;V0142;2026-03-17;10:48;Pagada;C016;1710000016;Sofía;León;0974430749;c16@mail.com;Calle 16;E07;Luis;Panadero;S03;Sur;Quito;P01;Pan Francés;CAT02;Pan;MAR02;Bimbo;Unidad;0.3;6;PR05;Café Andino;Loja;029875897;caféandino@proveedor.com;MP04;Tarjeta;10%;0;1.8;0.27;2.07;Venta matutina;L5536;2026-04-09;Nuevo
DET143;V0143;2026-01-08;08:16;Entregada;C009;1710000009;María;García;0973850363;c9@mail.com;Calle 9;E08;Mónica;Administrador;S03;Sur;Quito;P03;Dona;CAT04;Repostería;MAR05;Dulce;Unidad;0.8;8;PR03;Chocolate Ecuador;Quito;029748446;chocolateecuador@proveedor.com;MP04;Tarjeta;Ninguna;0;6.4;0.96;7.36;Pedido especial;L1120;2026-02-03;Mayorista
DET144;V0144;2026-06-07;19:35;Pagada;C040;1710000040;Lucía;León;0976169528;c40@mail.com;Calle 40;E02;Paula;Cajero;S03;Sur;Quito;P06;Empanada;CAT03;Bocadillos;MAR03;Casera;Unidad;1.5;6;PR02;Lácteos Sierra;Latacunga;029990081;lácteossierra@proveedor.com;MP01;Efectivo;Cliente Frecuente;0.9;9;1.21;9.31;;L4644;2026-07-03;Nuevo
DET145;V0145;2026-02-12;07:46;Pagada;C020;1710000020;Marta;Mendoza;0975628662;c20@mail.com;Calle 20;E05;David;Panadero;S03;Sur;Quito;P06;Empanada;CAT03;Bocadillos;MAR03;Casera;Unidad;1.5;8;PR05;Café Andino;Loja;024677179;caféandino@proveedor.com;MP01;Efectivo;Cliente Frecuente;1.2;12;1.62;12.42;Venta matutina;L7351;2026-02-19;Frecuente
DET146;V0146;2026-01-12;09:16;Pagada;C020;1710000020;Marta;Mendoza;0975628662;c20@mail.com;Calle 20;E01;Diego;Administrador;S03;Sur;Quito;P01;Pan Francés;CAT02;Pan;MAR02;Bimbo;Unidad;0.3;6;PR05;Café Andino;Loja;021036089;caféandino@proveedor.com;MP02;QR;10%;0.18;1.8;0.24;1.86;;L9502;2026-01-23;Mayorista
DET147;V0147;2026-06-14;19:42;Pagada;C040;1710000040;Lucía;León;0976169528;c40@mail.com;Calle 40;E06;Nora;Cajero;S01;Centro;Quito;P04;Pastel Chocolate;CAT01;Pasteles;MAR01;Delicia;Unidad;18;6;PR04;Azúcar Nacional;Guayaquil;021499898;azúcarnacional@proveedor.com;MP01;Efectivo;Ninguna;10.8;108;14.58;111.78;;L2781;2026-07-06;Mayorista
DET148;V0148;2026-03-11;19:44;Pagada;C021;1710000021;Pedro;Ruiz;0992446732;c21@mail.com;Calle 21;E08;Mónica;Administrador;S02;Norte;Quito;P04;Pastel Chocolate;CAT01;Pasteles;MAR01;Delicia;Unidad;18;6;PR01;Harinas Andinas;Quito;027612945;harinasandinas@proveedor.com;MP03;Transferencia;2x1;10.8;108;14.58;111.78;;L7455;2026-03-27;Nuevo
DET149;V0149;2026-03-06;10:49;Entregada;C023;1710000023;Lucía;García;0951679534;c23@mail.com;Calle 23;E03;Kevin;Cajero;S01;Centro;Quito;P03;Dona;CAT04;Repostería;MAR05;Dulce;Unidad;0.8;7;PR03;Chocolate Ecuador;Quito;027058611;chocolateecuador@proveedor.com;MP02;QR;2x1;0.56;5.6;0.76;5.8;;L1496;2026-03-11;Frecuente
DET150;V0150;2026-05-11;08:46;Pagada;C013;1710000013;María;Ruiz;0973997932;c13@mail.com;Calle 13;E07;Luis;Panadero;S02;Norte;Quito;P04;Pastel Chocolate;CAT01;Pasteles;MAR01;Delicia;Unidad;18;2;PR03;Chocolate Ecuador;Quito;027990921;chocolateecuador@proveedor.com;MP04;Tarjeta;10%;0;36;5.4;41.4;Venta matutina;L1802;2026-06-04;Frecuente
DET151;V0151;2026-04-25;11:20;Pagada;C033;1710000033;José;García;0944340769;c33@mail.com;Calle 33;E06;Nora;Cajero;S02;Norte;Quito;P07;Pan Integral;CAT02;Pan;MAR02;Bimbo;Unidad;0.5;6;PR02;Lácteos Sierra;Latacunga;027531356;lácteossierra@proveedor.com;MP03;Transferencia;Cliente Frecuente;0.3;3;0.41;3.11;Venta matutina;L7335;2026-05-23;Mayorista
DET152;V0152;2026-06-18;14:13;Entregada;C038;1710000038;José;Ruiz;0919449434;c38@mail.com;Calle 38;E05;David;Panadero;S03;Sur;Quito;P08;Brownie;CAT01;Pasteles;MAR01;Delicia;Unidad;1.4;4;PR04;Azúcar Nacional;Guayaquil;023796441;azúcarnacional@proveedor.com;MP04;Tarjeta;Ninguna;0;5.6;0.84;6.44;;L8340;2026-06-25;Mayorista
DET153;V0153;2026-01-25;14:45;Pagada;C027;1710000027;Carlos;Pérez;0912141725;c27@mail.com;Calle 27;E07;Luis;Panadero;S01;Centro;Quito;P08;Brownie;CAT01;Pasteles;MAR01;Delicia;Unidad;1.4;4;PR03;Chocolate Ecuador;Quito;022098111;chocolateecuador@proveedor.com;MP03;Transferencia;Cliente Frecuente;0.56;5.6;0.76;5.8;Venta matutina;L2798;2026-02-13;Mayorista
DET154;V0154;2026-05-11;08:33;Entregada;C010;1710000010;Juan;Ruiz;0978950720;c10@mail.com;Calle 10;E03;Kevin;Cajero;S02;Norte;Quito;P01;Pan Francés;CAT02;Pan;MAR02;Bimbo;Unidad;0.3;4;PR02;Lácteos Sierra;Latacunga;026195295;lácteossierra@proveedor.com;MP02;QR;Cliente Frecuente;0.12;1.2;0.16;1.24;;L6465;2026-05-25;Nuevo
DET155;V0155;2026-03-28;07:57;Entregada;C024;1710000024;José;Pérez;0940411479;c24@mail.com;Calle 24;E07;Luis;Panadero;S01;Centro;Quito;P06;Empanada;CAT03;Bocadillos;MAR03;Casera;Unidad;1.5;6;PR01;Harinas Andinas;Quito;022754795;harinasandinas@proveedor.com;MP03;Transferencia;2x1;0.9;9;1.21;9.31;Pedido especial;L9956;2026-04-11;Frecuente
DET156;V0156;2026-06-04;10:56;Pagada;C024;1710000024;José;Pérez;0940411479;c24@mail.com;Calle 24;E03;Kevin;Cajero;S02;Norte;Quito;P01;Pan Francés;CAT02;Pan;MAR02;Bimbo;Unidad;0.3;8;PR03;Chocolate Ecuador;Quito;021642476;chocolateecuador@proveedor.com;MP03;Transferencia;Ninguna;0.24;2.4;0.32;2.48;Pedido especial;L5742;2026-06-16;Frecuente
DET157;V0157;2026-03-23;07:22;Pagada;C019;1710000019;Luis;García;0992853319;c19@mail.com;Calle 19;E06;Nora;Cajero;S01;Centro;Quito;P05;Café;CAT05;Bebidas;MAR07;Lojano;Taza;1.2;2;PR04;Azúcar Nacional;Guayaquil;023273215;azúcarnacional@proveedor.com;MP04;Tarjeta;Ninguna;0.24;2.4;0.32;2.48;Venta matutina;L8078;2026-04-22;Nuevo
DET158;V0158;2026-04-11;12:17;Pagada;C032;1710000032;Marta;López;0953895403;c32@mail.com;Calle 32;E03;Kevin;Cajero;S01;Centro;Quito;P07;Pan Integral;CAT02;Pan;MAR02;Bimbo;Unidad;0.5;1;PR04;Azúcar Nacional;Guayaquil;023767460;azúcarnacional@proveedor.com;MP01;Efectivo;Ninguna;0.05;0.5;0.07;0.52;Venta matutina;L1883;2026-04-17;Frecuente
DET159;V0159;2026-01-04;08:28;Entregada;C024;1710000024;José;Pérez;0940411479;c24@mail.com;Calle 24;E03;Kevin;Cajero;S01;Centro;Quito;P09;Galleta;CAT04;Repostería;MAR05;Dulce;Unidad;0.4;7;PR04;Azúcar Nacional;Guayaquil;024428254;azúcarnacional@proveedor.com;MP04;Tarjeta;Cliente Frecuente;0.28;2.8;0.38;2.9;Pedido especial;L7272;2026-01-07;Nuevo
DET160;V0160;2026-06-01;10:19;Entregada;C017;1710000017;Lucía;Vera;0976275142;c17@mail.com;Calle 17;E04;Rosa;Panadero;S02;Norte;Quito;P04;Pastel Chocolate;CAT01;Pasteles;MAR01;Delicia;Unidad;18;5;PR02;Lácteos Sierra;Latacunga;021772560;lácteossierra@proveedor.com;MP01;Efectivo;Cliente Frecuente;9;90;12.15;93.15;Venta matutina;L4324;2026-06-03;Mayorista
DET161;V0161;2026-04-29;14:36;Entregada;C033;1710000033;José;García;0944340769;c33@mail.com;Calle 33;E05;David;Panadero;S03;Sur;Quito;P05;Café;CAT05;Bebidas;MAR07;Lojano;Taza;1.2;5;PR01;Harinas Andinas;Quito;023427133;harinasandinas@proveedor.com;MP03;Transferencia;Ninguna;0.6;6;0.81;6.21;Venta matutina;L9069;2026-05-07;Nuevo
DET162;V0162;2026-03-27;18:02;Entregada;C007;1710000007;Luis;Ruiz;0974895855;c7@mail.com;Calle 7;E07;Luis;Panadero;S01;Centro;Quito;P05;Café;CAT05;Bebidas;MAR07;Lojano;Taza;1.2;4;PR01;Harinas Andinas;Quito;022592738;harinasandinas@proveedor.com;MP02;QR;10%;0.48;4.8;0.65;4.97;;L5001;2026-04-12;Frecuente
DET163;V0163;2026-04-11;12:09;Entregada;C009;1710000009;María;García;0973850363;c9@mail.com;Calle 9;E06;Nora;Cajero;S03;Sur;Quito;P08;Brownie;CAT01;Pasteles;MAR01;Delicia;Unidad;1.4;4;PR03;Chocolate Ecuador;Quito;022990692;chocolateecuador@proveedor.com;MP01;Efectivo;Ninguna;0;5.6;0.84;6.44;Venta matutina;L3333;2026-04-27;Frecuente
DET164;V0164;2026-02-24;16:27;Pagada;C001;1710000001;Ana;Vera;0986274909;c1@mail.com;Calle 1;E03;Kevin;Cajero;S03;Sur;Quito;P01;Pan Francés;CAT02;Pan;MAR02;Bimbo;Unidad;0.3;4;PR04;Azúcar Nacional;Guayaquil;027369893;azúcarnacional@proveedor.com;MP02;QR;Ninguna;0;1.2;0.18;1.38;Venta matutina;L5728;2026-03-25;Frecuente
DET165;V0165;2026-04-28;07:38;Pagada;C004;1710000004;Marta;García;0985818365;c4@mail.com;Calle 4;E08;Mónica;Administrador;S01;Centro;Quito;P10;Jugo;CAT05;Bebidas;MAR06;Natural;Vaso;1;1;PR01;Harinas Andinas;Quito;024621890;harinasandinas@proveedor.com;MP02;QR;Cliente Frecuente;0;1;0.15;1.15;Pedido especial;L3578;2026-05-16;Nuevo
DET166;V0166;2026-01-25;08:50;Entregada;C002;1710000002;Sofía;García;0917215136;c2@mail.com;Calle 2;E04;Rosa;Panadero;S02;Norte;Quito;P07;Pan Integral;CAT02;Pan;MAR02;Bimbo;Unidad;0.5;6;PR05;Café Andino;Loja;022746898;caféandino@proveedor.com;MP04;Tarjeta;Ninguna;0.3;3;0.41;3.11;;L5620;2026-02-18;Nuevo
DET167;V0167;2026-02-09;19:59;Pagada;C005;1710000005;Ana;León;0959299517;c5@mail.com;Calle 5;E04;Rosa;Panadero;S01;Centro;Quito;P08;Brownie;CAT01;Pasteles;MAR01;Delicia;Unidad;1.4;3;PR04;Azúcar Nacional;Guayaquil;027967081;azúcarnacional@proveedor.com;MP01;Efectivo;Ninguna;0.42;4.2;0.57;4.35;Venta matutina;L7079;2026-02-25;Mayorista
DET168;V0168;2026-03-02;14:29;Entregada;C034;1710000034;Marta;León;0923881792;c34@mail.com;Calle 34;E07;Luis;Panadero;S01;Centro;Quito;P10;Jugo;CAT05;Bebidas;MAR06;Natural;Vaso;1;1;PR03;Chocolate Ecuador;Quito;025826330;chocolateecuador@proveedor.com;MP04;Tarjeta;2x1;0;1;0.15;1.15;;L5682;2026-03-25;Nuevo
DET169;V0169;2026-03-18;15:02;Pagada;C030;1710000030;Carlos;Torres;0947766530;c30@mail.com;Calle 30;E05;David;Panadero;S02;Norte;Quito;P09;Galleta;CAT04;Repostería;MAR05;Dulce;Unidad;0.4;2;PR04;Azúcar Nacional;Guayaquil;024933199;azúcarnacional@proveedor.com;MP01;Efectivo;10%;0.08;0.8;0.11;0.83;Venta matutina;L2154;2026-03-30;Frecuente
DET170;V0170;2026-01-24;11:24;Entregada;C018;1710000018;Pedro;Torres;0915856869;c18@mail.com;Calle 18;E05;David;Panadero;S01;Centro;Quito;P10;Jugo;CAT05;Bebidas;MAR06;Natural;Vaso;1;4;PR01;Harinas Andinas;Quito;027846441;harinasandinas@proveedor.com;MP03;Transferencia;Cliente Frecuente;0;4;0.6;4.6;Pedido especial;L9337;2026-02-10;Nuevo
DET171;V0171;2026-02-22;09:23;Entregada;C008;1710000008;Pedro;Pérez;0910166811;c8@mail.com;Calle 8;E04;Rosa;Panadero;S01;Centro;Quito;P07;Pan Integral;CAT02;Pan;MAR02;Bimbo;Unidad;0.5;8;PR04;Azúcar Nacional;Guayaquil;028594681;azúcarnacional@proveedor.com;MP04;Tarjeta;10%;0;4;0.6;4.6;Pedido especial;L5695;2026-02-24;Mayorista
DET172;V0172;2026-05-08;10:50;Pagada;C024;1710000024;José;Pérez;0940411479;c24@mail.com;Calle 24;E02;Paula;Cajero;S01;Centro;Quito;P05;Café;CAT05;Bebidas;MAR07;Lojano;Taza;1.2;6;PR05;Café Andino;Loja;027960012;caféandino@proveedor.com;MP02;QR;2x1;0.72;7.2;0.97;7.45;Pedido especial;L4727;2026-05-25;Frecuente
DET173;V0173;2026-04-11;19:22;Entregada;C032;1710000032;Marta;López;0953895403;c32@mail.com;Calle 32;E07;Luis;Panadero;S02;Norte;Quito;P06;Empanada;CAT03;Bocadillos;MAR03;Casera;Unidad;1.5;4;PR05;Café Andino;Loja;025390356;caféandino@proveedor.com;MP03;Transferencia;Cliente Frecuente;0;6;0.9;6.9;Venta matutina;L7927;2026-05-03;Nuevo
DET174;V0174;2026-01-18;13:42;Entregada;C026;1710000026;Ana;López;0958435462;c26@mail.com;Calle 26;E05;David;Panadero;S02;Norte;Quito;P03;Dona;CAT04;Repostería;MAR05;Dulce;Unidad;0.8;3;PR04;Azúcar Nacional;Guayaquil;023025358;azúcarnacional@proveedor.com;MP01;Efectivo;Cliente Frecuente;0;2.4;0.36;2.76;;L2758;2026-02-09;Mayorista
DET175;V0175;2026-06-28;16:10;Pagada;C019;1710000019;Luis;García;0992853319;c19@mail.com;Calle 19;E05;David;Panadero;S02;Norte;Quito;P02;Croissant;CAT04;Repostería;MAR04;La Ideal;Unidad;1.2;1;PR01;Harinas Andinas;Quito;028636312;harinasandinas@proveedor.com;MP04;Tarjeta;Ninguna;0.12;1.2;0.16;1.24;Venta matutina;L9454;2026-07-28;Frecuente
DET176;V0176;2026-01-01;08:15;Pagada;C022;1710000022;Lucía;León;0943738481;c22@mail.com;Calle 22;E04;Rosa;Panadero;S01;Centro;Quito;P05;Café;CAT05;Bebidas;MAR07;Lojano;Taza;1.2;1;PR03;Chocolate Ecuador;Quito;021388525;chocolateecuador@proveedor.com;MP02;QR;10%;0;1.2;0.18;1.38;Venta matutina;L7674;2026-01-26;Mayorista
DET177;V0177;2026-04-21;08:27;Pagada;C018;1710000018;Pedro;Torres;0915856869;c18@mail.com;Calle 18;E01;Diego;Administrador;S02;Norte;Quito;P05;Café;CAT05;Bebidas;MAR07;Lojano;Taza;1.2;7;PR01;Harinas Andinas;Quito;021071315;harinasandinas@proveedor.com;MP02;QR;Cliente Frecuente;0;8.4;1.26;9.66;Pedido especial;L1707;2026-05-04;Frecuente
DET178;V0178;2026-03-25;16:28;Pagada;C032;1710000032;Marta;López;0953895403;c32@mail.com;Calle 32;E04;Rosa;Panadero;S01;Centro;Quito;P03;Dona;CAT04;Repostería;MAR05;Dulce;Unidad;0.8;2;PR03;Chocolate Ecuador;Quito;023426416;chocolateecuador@proveedor.com;MP03;Transferencia;2x1;0;1.6;0.24;1.84;Pedido especial;L1047;2026-04-04;Frecuente
DET179;V0179;2026-03-01;09:19;Pagada;C023;1710000023;Lucía;García;0951679534;c23@mail.com;Calle 23;E01;Diego;Administrador;S02;Norte;Quito;P08;Brownie;CAT01;Pasteles;MAR01;Delicia;Unidad;1.4;8;PR05;Café Andino;Loja;021033244;caféandino@proveedor.com;MP02;QR;Cliente Frecuente;1.12;11.2;1.51;11.59;Venta matutina;L1831;2026-03-26;Mayorista
DET180;V0180;2026-03-02;13:28;Pagada;C021;1710000021;Pedro;Ruiz;0992446732;c21@mail.com;Calle 21;E07;Luis;Panadero;S01;Centro;Quito;P08;Brownie;CAT01;Pasteles;MAR01;Delicia;Unidad;1.4;7;PR03;Chocolate Ecuador;Quito;027614534;chocolateecuador@proveedor.com;MP01;Efectivo;2x1;0;9.8;1.47;11.27;Venta matutina;L7185;2026-03-11;Frecuente
DET181;V0181;2026-03-21;09:56;Entregada;C018;1710000018;Pedro;Torres;0915856869;c18@mail.com;Calle 18;E05;David;Panadero;S01;Centro;Quito;P05;Café;CAT05;Bebidas;MAR07;Lojano;Taza;1.2;1;PR05;Café Andino;Loja;022168289;caféandino@proveedor.com;MP03;Transferencia;Cliente Frecuente;0;1.2;0.18;1.38;;L6132;2026-04-01;Frecuente
DET182;V0182;2026-02-12;13:45;Entregada;C029;1710000029;Lucía;Ruiz;0920497903;c29@mail.com;Calle 29;E03;Kevin;Cajero;S03;Sur;Quito;P02;Croissant;CAT04;Repostería;MAR04;La Ideal;Unidad;1.2;8;PR03;Chocolate Ecuador;Quito;027908642;chocolateecuador@proveedor.com;MP01;Efectivo;2x1;0;9.6;1.44;11.04;;L5936;2026-03-06;Mayorista
DET183;V0183;2026-06-07;08:08;Entregada;C034;1710000034;Marta;León;0923881792;c34@mail.com;Calle 34;E01;Diego;Administrador;S02;Norte;Quito;P10;Jugo;CAT05;Bebidas;MAR06;Natural;Vaso;1;3;PR04;Azúcar Nacional;Guayaquil;022002568;azúcarnacional@proveedor.com;MP02;QR;Ninguna;0;3;0.45;3.45;Venta matutina;L9503;2026-06-30;Nuevo
DET184;V0184;2026-01-09;17:37;Entregada;C032;1710000032;Marta;López;0953895403;c32@mail.com;Calle 32;E02;Paula;Cajero;S01;Centro;Quito;P06;Empanada;CAT03;Bocadillos;MAR03;Casera;Unidad;1.5;5;PR04;Azúcar Nacional;Guayaquil;023265820;azúcarnacional@proveedor.com;MP02;QR;Cliente Frecuente;0;7.5;1.12;8.62;Pedido especial;L8157;2026-01-28;Nuevo
DET185;V0185;2026-03-05;10:27;Pagada;C019;1710000019;Luis;García;0992853319;c19@mail.com;Calle 19;E05;David;Panadero;S01;Centro;Quito;P09;Galleta;CAT04;Repostería;MAR05;Dulce;Unidad;0.4;3;PR05;Café Andino;Loja;027714155;caféandino@proveedor.com;MP03;Transferencia;Cliente Frecuente;0.12;1.2;0.16;1.24;;L1615;2026-03-31;Frecuente
DET186;V0186;2026-03-11;15:34;Entregada;C002;1710000002;Sofía;García;0917215136;c2@mail.com;Calle 2;E03;Kevin;Cajero;S02;Norte;Quito;P03;Dona;CAT04;Repostería;MAR05;Dulce;Unidad;0.8;6;PR01;Harinas Andinas;Quito;027084861;harinasandinas@proveedor.com;MP04;Tarjeta;Ninguna;0.48;4.8;0.65;4.97;Pedido especial;L5580;2026-03-22;Mayorista
DET187;V0187;2026-04-01;07:27;Pagada;C017;1710000017;Lucía;Vera;0976275142;c17@mail.com;Calle 17;E02;Paula;Cajero;S01;Centro;Quito;P10;Jugo;CAT05;Bebidas;MAR06;Natural;Vaso;1;2;PR02;Lácteos Sierra;Latacunga;023255263;lácteossierra@proveedor.com;MP01;Efectivo;10%;0.2;2;0.27;2.07;Venta matutina;L3812;2026-04-17;Frecuente
DET188;V0188;2026-05-04;15:38;Entregada;C013;1710000013;María;Ruiz;0973997932;c13@mail.com;Calle 13;E08;Mónica;Administrador;S03;Sur;Quito;P10;Jugo;CAT05;Bebidas;MAR06;Natural;Vaso;1;4;PR01;Harinas Andinas;Quito;023850772;harinasandinas@proveedor.com;MP03;Transferencia;Ninguna;0;4;0.6;4.6;;L9961;2026-05-06;Mayorista
DET189;V0189;2026-04-26;07:06;Pagada;C011;1710000011;Carlos;Pérez;0910445712;c11@mail.com;Calle 11;E08;Mónica;Administrador;S01;Centro;Quito;P06;Empanada;CAT03;Bocadillos;MAR03;Casera;Unidad;1.5;7;PR03;Chocolate Ecuador;Quito;023035603;chocolateecuador@proveedor.com;MP01;Efectivo;Cliente Frecuente;0;10.5;1.57;12.07;Venta matutina;L6717;2026-05-03;Nuevo
DET190;V0190;2026-05-10;13:50;Pagada;C032;1710000032;Marta;López;0953895403;c32@mail.com;Calle 32;E07;Luis;Panadero;S02;Norte;Quito;P02;Croissant;CAT04;Repostería;MAR04;La Ideal;Unidad;1.2;3;PR03;Chocolate Ecuador;Quito;028025534;chocolateecuador@proveedor.com;MP01;Efectivo;Cliente Frecuente;0.36;3.6;0.49;3.73;Venta matutina;L5346;2026-06-04;Frecuente
DET191;V0191;2026-03-03;09:25;Pagada;C027;1710000027;Carlos;Pérez;0912141725;c27@mail.com;Calle 27;E04;Rosa;Panadero;S02;Norte;Quito;P07;Pan Integral;CAT02;Pan;MAR02;Bimbo;Unidad;0.5;4;PR02;Lácteos Sierra;Latacunga;026070745;lácteossierra@proveedor.com;MP01;Efectivo;Ninguna;0.2;2;0.27;2.07;;L8171;2026-03-16;Nuevo
DET192;V0192;2026-03-30;16:28;Pagada;C011;1710000011;Carlos;Pérez;0910445712;c11@mail.com;Calle 11;E05;David;Panadero;S02;Norte;Quito;P05;Café;CAT05;Bebidas;MAR07;Lojano;Taza;1.2;2;PR02;Lácteos Sierra;Latacunga;022512544;lácteossierra@proveedor.com;MP04;Tarjeta;2x1;0.24;2.4;0.32;2.48;Pedido especial;L3793;2026-04-19;Nuevo
DET193;V0193;2026-05-22;15:54;Entregada;C029;1710000029;Lucía;Ruiz;0920497903;c29@mail.com;Calle 29;E08;Mónica;Administrador;S01;Centro;Quito;P05;Café;CAT05;Bebidas;MAR07;Lojano;Taza;1.2;3;PR04;Azúcar Nacional;Guayaquil;027629429;azúcarnacional@proveedor.com;MP04;Tarjeta;Cliente Frecuente;0.36;3.6;0.49;3.73;Venta matutina;L3238;2026-06-03;Mayorista
DET194;V0194;2026-02-04;12:29;Entregada;C035;1710000035;José;Mendoza;0997621633;c35@mail.com;Calle 35;E05;David;Panadero;S03;Sur;Quito;P07;Pan Integral;CAT02;Pan;MAR02;Bimbo;Unidad;0.5;2;PR02;Lácteos Sierra;Latacunga;025242511;lácteossierra@proveedor.com;MP01;Efectivo;10%;0.1;1;0.14;1.04;;L7190;2026-02-18;Nuevo
DET195;V0195;2026-03-15;12:59;Pagada;C010;1710000010;Juan;Ruiz;0978950720;c10@mail.com;Calle 10;E03;Kevin;Cajero;S02;Norte;Quito;P04;Pastel Chocolate;CAT01;Pasteles;MAR01;Delicia;Unidad;18;8;PR05;Café Andino;Loja;029993120;caféandino@proveedor.com;MP04;Tarjeta;2x1;0;144;21.6;165.6;Pedido especial;L4495;2026-04-09;Nuevo
DET196;V0196;2026-04-17;17:57;Pagada;C002;1710000002;Sofía;García;0917215136;c2@mail.com;Calle 2;E01;Diego;Administrador;S02;Norte;Quito;P05;Café;CAT05;Bebidas;MAR07;Lojano;Taza;1.2;2;PR01;Harinas Andinas;Quito;021845194;harinasandinas@proveedor.com;MP04;Tarjeta;2x1;0.24;2.4;0.32;2.48;Venta matutina;L7869;2026-05-06;Nuevo
DET197;V0197;2026-02-24;15:48;Entregada;C031;1710000031;Juan;Ruiz;0918669048;c31@mail.com;Calle 31;E05;David;Panadero;S02;Norte;Quito;P01;Pan Francés;CAT02;Pan;MAR02;Bimbo;Unidad;0.3;6;PR01;Harinas Andinas;Quito;023508749;harinasandinas@proveedor.com;MP03;Transferencia;Ninguna;0;1.8;0.27;2.07;Pedido especial;L6227;2026-03-04;Frecuente
DET198;V0198;2026-02-03;08:18;Entregada;C021;1710000021;Pedro;Ruiz;0992446732;c21@mail.com;Calle 21;E08;Mónica;Administrador;S02;Norte;Quito;P06;Empanada;CAT03;Bocadillos;MAR03;Casera;Unidad;1.5;7;PR04;Azúcar Nacional;Guayaquil;022572072;azúcarnacional@proveedor.com;MP03;Transferencia;2x1;1.05;10.5;1.42;10.87;Venta matutina;L6853;2026-02-22;Frecuente
DET199;V0199;2026-01-16;07:48;Entregada;C012;1710000012;Luis;Mendoza;0953417212;c12@mail.com;Calle 12;E08;Mónica;Administrador;S01;Centro;Quito;P06;Empanada;CAT03;Bocadillos;MAR03;Casera;Unidad;1.5;6;PR02;Lácteos Sierra;Latacunga;023846941;lácteossierra@proveedor.com;MP01;Efectivo;Cliente Frecuente;0.9;9;1.21;9.31;;L7723;2026-01-28;Nuevo
DET200;V0200;2026-03-14;15:47;Entregada;C014;1710000014;Carlos;León;0968219498;c14@mail.com;Calle 14;E01;Diego;Administrador;S02;Norte;Quito;P10;Jugo;CAT05;Bebidas;MAR06;Natural;Vaso;1;7;PR02;Lácteos Sierra;Latacunga;026001022;lácteossierra@proveedor.com;MP01;Efectivo;Ninguna;0.7;7;0.94;7.24;;L1846;2026-04-05;Nuevo
